customer_id,age,gender,region,education_level,employment_type,annual_income,loan_amount,loan_purpose,credit_score,default_flag
100001,61.0,Male,East,Secondary,Salaried,417788.81,477130.66,Home,389.0,0
100002,22.0,Male,South,Graduate,Salaried,641303.35,642665.38,Other,729.0,1
100003,38.0,Female,North,Graduate,Salaried,1160465.4,519796.55,Education,520.0,0
100004,27.0,Male,North,Secondary,Salaried,793688.41,99556.65,Business,770.0,0
100005,26.0,Female,East,Graduate,Self-Employed,286312.57,8988800.09,Car,596.0,0
100006,27.0,Male,West,Graduate,Salaried,1038819.84,365984.74,Home,573.0,0
100007,59.0,Female,South,Secondary,Salaried,2475694.17,,Home,524.0,0
100008,35.0,Female,East,Secondary,Salaried,2298475.81,1977115.44,Business,622.0,0
100009,46.0,Female,West,Secondary,,1908374.44,1565906.86,Business,738.0,0
100010,44.0,,South,Graduate,Salaried,289309.99,92101.43,Business,463.0,0
100011,59.0,Male,West,Graduate,Salaried,763280.76,655738.73,Home,311.0,0
100012,64.0,Female,East,Graduate,Salaried,860920.3,246333.94,Education,303.0,0
100013,53.0,Female,North,Post-Graduate,Salaried,1662362.83,1538045.66,Car,456.0,0
100014,55.0,Female,North,Graduate,Salaried,439533.12,271164.07,Car,614.0,0
100015,57.0,Female,North,Graduate,Self-Employed,2448924.03,1980200.1,Business,428.0,1
100016,56.0,Male,West,Post-Graduate,Unemployed,1932215.26,2014965.77,Education,619.0,1
100017,49.0,Female,West,Secondary,Salaried,964358.5,871595.33,Home,535.0,0
100018,25.0,Female,North,Secondary,Unemployed,2174354.13,277560.59,Business,543.0,1
100019,34.0,Female,West,Secondary,Salaried,1124379.11,204370.64,Business,741.0,0
100020,50.0,Female,North,Graduate,Unemployed,408329.46,276472.13,Home,647.0,0
100021,36.0,Male,West,Secondary,Salaried,1253297.12,1650261.79,Other,377.0,1
100022,27.0,Male,North,Post-Graduate,Unemployed,2148974.1,577781.85,Business,,0
100023,24.0,Male,North,Post-Graduate,Salaried,1999043.8,,Other,733.0,0
100024,63.0,Female,South,Secondary,Salaried,315681.24,361600.78,Home,362.0,0
100025,24.0,Female,South,Primary,Salaried,2155114.71,268080.93,Car,369.0,0
100026,46.0,Male,South,Graduate,Salaried,370201.5,382172.14,Education,835.0,0
100027,34.0,Female,East,Secondary,,1738321.32,817237.13,Home,623.0,0
100028,21.0,Male,North,Primary,Salaried,795264.96,1116619.75,Education,370.0,0
100029,39.0,Male,East,Graduate,Unemployed,1697225.06,69525.2,Home,606.0,0
100030,29.0,Male,North,Graduate,Salaried,833674.55,302863.39,Education,651.0,0
100031,53.0,Male,North,Primary,Salaried,821898.12,54194.01,Education,,0
100032,31.0,Female,West,Graduate,Salaried,2372518.18,2474633.95,Education,452.0,0
100033,58.0,Female,West,Secondary,Salaried,2265637.05,2715780.17,Car,340.0,0
100034,64.0,Male,North,Secondary,Salaried,2209333.52,3228604.31,Car,458.0,0
100035,31.0,Female,South,Post-Graduate,Salaried,1888829.57,,Car,721.0,0
100036,38.0,Male,North,Secondary,Salaried,1272000.85,420806.57,Car,771.0,0
100037,35.0,Male,South,Secondary,Salaried,341056.15,406955.38,Business,659.0,0
100038,64.0,Other,East,Post-Graduate,Salaried,,692307.39,Other,571.0,1
100039,48.0,Male,East,Secondary,Unemployed,,609894.32,Business,494.0,1
100040,21.0,Female,South,Secondary,,1721031.43,885916.96,Home,621.0,0
100041,40.0,Female,West,Secondary,Self-Employed,1466236.95,462332.54,Car,688.0,0
100042,60.0,Female,West,Graduate,Salaried,845639.82,573801.4,Business,629.0,0
100043,64.0,Male,West,Graduate,Unemployed,1887430.55,1882360.0,Other,590.0,0
100044,42.0,Male,South,Graduate,Salaried,641981.44,72299.7,Other,550.0,0
100045,25.0,Male,South,Graduate,Salaried,1107194.64,287706.74,Home,305.0,0
100046,48.0,Male,West,Primary,Salaried,2148140.33,1497992.99,Other,775.0,0
100047,59.0,Male,West,Graduate,Self-Employed,1351085.34,1691726.29,Business,756.0,0
100048,49.0,,South,Graduate,Salaried,1984205.62,1468080.34,Home,544.0,0
100049,39.0,Male,East,Secondary,Salaried,501027.82,212239.58,Home,456.0,0
100050,47.0,Male,West,Secondary,Salaried,1154732.96,1572028.3,Other,320.0,0
100051,45.0,Male,East,Secondary,Salaried,2248608.38,2827053.31,Education,525.0,0
100052,48.0,Male,West,Secondary,Self-Employed,1118014.67,318531.41,Other,778.0,0
100053,55.0,Male,West,Graduate,Self-Employed,14886707.45,269508.53,Education,,0
100054,45.0,Male,West,Secondary,Self-Employed,1059572.82,1207613.26,Home,731.0,0
100055,51.0,Male,North,Post-Graduate,Salaried,1688334.3,1989412.18,Car,341.0,0
100056,33.0,Female,South,Secondary,Salaried,445383.51,635785.17,Education,776.0,0
100057,31.0,,North,Graduate,Salaried,901610.29,803687.93,Business,619.0,0
100058,46.0,Female,South,Primary,Self-Employed,1635202.36,294848.82,Other,608.0,0
100059,28.0,Female,North,Secondary,Salaried,1039724.43,813791.65,Business,649.0,1
100060,,Male,East,Graduate,Self-Employed,1820956.05,1217730.07,Education,,0
100061,60.0,Female,West,Graduate,Self-Employed,1554541.12,,Home,551.0,0
100062,38.0,Female,South,Graduate,Salaried,1730197.25,906228.93,Car,806.0,0
100063,52.0,Male,East,Secondary,Self-Employed,1806746.3,784907.41,Car,310.0,0
100064,26.0,Male,West,Graduate,Self-Employed,1782213.67,1744410.32,Home,,0
100065,26.0,Male,West,Graduate,Salaried,1529208.96,1111908.25,Other,843.0,0
100066,42.0,Male,West,Secondary,Salaried,459921.65,173231.31,Car,422.0,0
100067,33.0,,West,Secondary,Salaried,1943682.32,1760117.88,Education,402.0,0
100068,35.0,Male,East,Primary,Salaried,816402.28,1194410.16,Car,599.0,0
100069,61.0,Female,West,Secondary,Salaried,839667.24,629005.25,Home,648.0,0
100070,37.0,Female,West,Secondary,Salaried,1320852.02,1164388.28,Other,354.0,1
100071,40.0,,South,Secondary,Self-Employed,,1892414.61,Business,531.0,0
100072,49.0,Female,East,Post-Graduate,Unemployed,888482.17,846606.19,Car,401.0,0
100073,61.0,Male,North,Secondary,Salaried,354150.5,51287.63,Business,761.0,0
100074,39.0,Male,East,Graduate,Self-Employed,1233352.68,1287312.8,Other,570.0,0
100075,63.0,Female,South,Secondary,Salaried,1682512.56,2297199.93,Car,445.0,1
100076,40.0,Female,East,Secondary,Salaried,885491.56,564501.42,Business,578.0,0
100077,,Male,North,Post-Graduate,Self-Employed,1580615.65,110030.44,Other,534.0,0
100078,58.0,Female,East,Graduate,Self-Employed,,480565.48,Car,752.0,0
100079,58.0,Male,West,Post-Graduate,Salaried,1127367.58,576873.09,Education,407.0,0
100080,47.0,Female,East,Graduate,Salaried,1944359.47,155193.76,Education,390.0,0
100081,28.0,Female,West,Post-Graduate,Self-Employed,182670.48,244743.29,Car,773.0,0
100082,54.0,Male,West,Graduate,Self-Employed,652255.11,559885.99,Business,594.0,0
100083,28.0,Male,South,Graduate,Salaried,211724.76,159173.06,Home,530.0,0
100084,50.0,Female,South,Graduate,Self-Employed,1360583.07,594354.68,Car,794.0,0
100085,50.0,Female,West,Secondary,Salaried,,434557.39,Business,371.0,0
100086,42.0,Female,East,Graduate,Salaried,,788939.54,Business,801.0,0
100087,55.0,Male,East,Graduate,Salaried,1236399.51,630679.17,Car,493.0,0
100088,57.0,Male,West,Primary,Self-Employed,1816128.68,2219864.02,Car,695.0,0
100089,52.0,Female,South,Graduate,Salaried,2197704.73,2888108.96,Business,750.0,1
100090,21.0,Female,West,Post-Graduate,Unemployed,353601.54,425446.56,Business,571.0,1
100091,62.0,,East,Post-Graduate,Self-Employed,1061621.8,538428.52,Home,,0
100092,60.0,Male,East,Post-Graduate,Self-Employed,1186813.81,220328.34,Education,402.0,0
100093,22.0,Male,North,Secondary,Salaried,517721.93,435936.36,Home,484.0,1
100094,60.0,,South,Graduate,Salaried,718677.19,705776.03,Home,770.0,0
100095,50.0,Female,South,Primary,Unemployed,,1144015.43,Business,734.0,0
100096,40.0,Male,West,Post-Graduate,Salaried,1064765.17,605362.85,Education,602.0,0
100097,,Female,West,Secondary,Salaried,1771054.82,1991040.57,Business,350.0,0
100098,39.0,Female,South,Graduate,,,1562137.1,Home,440.0,0
100099,40.0,Female,North,Graduate,Self-Employed,389109.43,207489.87,Car,725.0,0
100100,55.0,Female,East,Graduate,Unemployed,2106696.48,849188.45,Education,793.0,0
100101,42.0,,West,Post-Graduate,Salaried,2422280.49,3132245.65,Other,706.0,0
100102,,Male,West,Primary,Salaried,1235103.58,,Education,568.0,0
100103,27.0,Female,West,Primary,Self-Employed,1482465.13,2039489.66,Business,526.0,0
100104,65.0,Male,West,Secondary,Salaried,266332.14,398074.83,Other,418.0,1
100105,29.0,Male,East,Graduate,Self-Employed,2374659.88,1521968.89,Home,458.0,0
100106,52.0,Female,East,Primary,Salaried,,1725803.23,Education,671.0,1
100107,55.0,Female,East,Primary,Salaried,2426239.95,3456341.29,Car,765.0,1
100108,62.0,Female,North,Primary,Salaried,2474064.5,2931202.96,Other,510.0,1
100109,34.0,Female,South,Secondary,Salaried,2269232.0,59510.01,Other,448.0,0
100110,37.0,Female,North,Graduate,Salaried,,264649.85,Home,543.0,0
100111,32.0,Male,South,Graduate,Salaried,1909943.44,1390591.99,Home,,0
100112,49.0,Female,North,Graduate,Unemployed,1708655.13,807991.8,Business,331.0,1
100113,46.0,Male,North,Graduate,Unemployed,350498.46,88435.88,Education,,1
100114,60.0,Female,East,Secondary,Salaried,864162.77,680040.07,Home,740.0,0
100115,62.0,Female,South,Secondary,Self-Employed,1140047.49,1423574.85,Home,708.0,0
100116,41.0,Male,East,Secondary,Salaried,2321325.28,280400.7,Home,387.0,1
100117,44.0,Female,North,Graduate,Salaried,944778.68,217110.7,Business,662.0,0
100118,24.0,Female,East,Secondary,Salaried,673554.03,680684.26,Education,529.0,0
100119,56.0,Male,East,Graduate,Self-Employed,2140759.97,3130678.2,Education,326.0,0
100120,22.0,Male,East,Post-Graduate,Salaried,600860.9,171948.75,Home,710.0,0
100121,26.0,Female,South,Secondary,Salaried,545189.52,289270.27,Other,632.0,0
100122,59.0,Male,North,Secondary,Self-Employed,295448.98,82075.69,Business,753.0,0
100123,59.0,Male,East,Secondary,,980801.02,207596.71,Education,798.0,0
100124,23.0,Male,North,Primary,Salaried,670062.83,181072.17,Home,561.0,0
100125,21.0,Female,West,Secondary,Salaried,1812517.33,1385088.14,Home,662.0,0
100126,48.0,Male,North,Post-Graduate,Salaried,1510287.26,1621845.92,Business,969.0,0
100127,22.0,Female,South,Graduate,Self-Employed,2110300.12,2915496.84,Home,390.0,1
100128,36.0,Male,West,Graduate,Salaried,899836.98,491284.24,Home,641.0,0
100129,53.0,Female,South,Post-Graduate,Salaried,1867519.53,2303156.33,Car,451.0,1
100130,37.0,Male,South,Graduate,Self-Employed,590979.02,696463.11,Other,805.0,0
100131,58.0,Male,East,Post-Graduate,,530221.17,100895.92,Education,752.0,0
100132,58.0,Male,North,Secondary,Salaried,311984.92,397630.38,Home,378.0,0
100133,60.0,Female,West,Graduate,Salaried,2017017.29,,Other,760.0,0
100134,62.0,Male,West,Graduate,Unemployed,1225213.61,,Home,651.0,0
100135,53.0,Female,North,Secondary,Salaried,1199458.56,964384.51,Education,462.0,0
100136,45.0,Male,East,Graduate,Salaried,1643656.85,858340.57,Business,637.0,0
100137,,Male,South,Secondary,Salaried,508113.84,299132.14,Home,701.0,0
100138,40.0,Female,East,Graduate,Self-Employed,2103184.82,2343730.78,Business,839.0,1
100139,53.0,Male,East,Secondary,Unemployed,972819.04,1129689.21,Car,496.0,1
100140,,Male,North,Graduate,Salaried,1893654.09,1519276.58,Other,644.0,0
100141,29.0,Female,South,Secondary,Self-Employed,1968946.93,2398994.04,Home,469.0,0
100142,47.0,Male,South,Post-Graduate,Self-Employed,1925547.5,2274677.22,Education,539.0,0
100143,51.0,Female,South,Secondary,Unemployed,2463900.32,1733216.17,Other,588.0,0
100144,54.0,Male,South,Graduate,Self-Employed,501084.6,225408.98,Other,792.0,0
100145,27.0,Female,North,Secondary,Self-Employed,812875.82,1108586.98,Home,450.0,0
100146,35.0,Female,East,Post-Graduate,Salaried,1099773.2,648211.16,Education,695.0,0
100147,35.0,Male,North,Graduate,Self-Employed,2016003.08,459221.81,Business,593.0,0
100148,65.0,Female,West,Secondary,Salaried,363803.79,176862.95,Other,453.0,0
100149,54.0,Male,East,Secondary,Salaried,733179.65,720752.02,Business,768.0,0
100150,59.0,Female,South,Graduate,Salaried,,129540.22,Home,726.0,0
100151,54.0,Female,North,Post-Graduate,Salaried,,1550895.29,Business,320.0,0
100152,23.0,Female,East,Secondary,Salaried,2009366.44,1072011.71,Education,406.0,0
100153,29.0,Male,East,Graduate,Salaried,1987610.82,1412003.11,Car,790.0,0
100154,25.0,Female,West,Primary,Salaried,2015373.37,2683508.01,Other,623.0,0
100155,46.0,Other,West,Secondary,Self-Employed,13290600.97,365936.4,Education,348.0,0
100156,38.0,Male,East,Secondary,Salaried,1200188.99,1724108.9,Business,647.0,0
100157,65.0,Female,East,Graduate,Self-Employed,363110.65,348013.15,Education,484.0,0
100158,27.0,Male,East,Secondary,Self-Employed,1168589.29,,Education,659.0,0
100159,60.0,Other,East,Graduate,Self-Employed,313070.71,331632.83,Car,715.0,0
100160,22.0,Male,West,Primary,Salaried,1986155.67,1123061.64,Home,692.0,0
100161,59.0,Male,West,Post-Graduate,Salaried,1950355.97,1700331.56,Education,842.0,0
100162,62.0,Male,North,Primary,Salaried,1381169.04,1896957.81,Education,420.0,1
100163,49.0,Male,East,Graduate,Unemployed,644413.75,174411.47,Business,375.0,0
100164,26.0,Female,East,Graduate,Self-Employed,1455993.38,669630.23,Car,607.0,0
100165,44.0,Female,North,Post-Graduate,Self-Employed,729227.95,565680.81,Education,669.0,0
100166,50.0,Female,South,Graduate,Salaried,897554.46,1345806.73,Business,790.0,0
100167,57.0,Male,East,Graduate,Salaried,1757852.86,941183.7,Car,486.0,0
100168,48.0,Female,North,Graduate,Salaried,885568.94,257051.02,Other,530.0,0
100169,39.0,Female,East,Secondary,Unemployed,816726.4,784457.28,Car,846.0,1
100170,58.0,Female,South,Secondary,Self-Employed,2272642.07,,Home,342.0,0
100171,26.0,Male,East,Graduate,Self-Employed,1146481.34,1116937.66,Other,809.0,0
100172,39.0,Female,East,Graduate,Self-Employed,1769178.75,824448.83,Car,374.0,0
100173,49.0,,West,Secondary,Self-Employed,905191.4,989465.71,Car,653.0,0
100174,44.0,Female,North,Secondary,Salaried,800534.28,335305.4,Business,399.0,1
100175,,Male,South,Graduate,Unemployed,1853017.95,568157.29,Other,463.0,0
100176,50.0,Female,East,Graduate,Salaried,1092321.87,776303.01,Education,546.0,1
100177,24.0,Male,West,Graduate,,1740247.8,781622.07,Business,308.0,0
100178,29.0,Female,East,Graduate,Salaried,1109349.36,970448.28,Education,499.0,0
100179,25.0,Male,West,Graduate,,2474690.43,2541644.07,Home,421.0,1
100180,46.0,Male,East,Graduate,Salaried,,485008.62,Home,711.0,0
100181,23.0,Male,East,Graduate,Salaried,525542.34,709411.19,Other,443.0,1
100182,41.0,Male,East,Graduate,Salaried,1362536.71,1026658.74,Home,606.0,0
100183,44.0,Male,North,Post-Graduate,Salaried,2028471.17,2220682.67,Education,327.0,0
100184,62.0,Female,South,Graduate,Salaried,575587.98,561637.79,Car,689.0,0
100185,23.0,Female,North,Secondary,Salaried,12897053.58,742680.88,Other,508.0,0
100186,51.0,Female,North,Graduate,Salaried,1481257.31,2217809.05,Education,789.0,0
100187,32.0,Male,East,Graduate,Self-Employed,2192958.22,2255233.65,Car,570.0,0
100188,36.0,Male,East,Secondary,Unemployed,870465.79,412902.12,Business,512.0,0
100189,41.0,Male,East,Secondary,Salaried,1440202.83,1940327.1,Car,704.0,0
100190,39.0,Male,North,Secondary,Salaried,774950.02,582939.76,Education,506.0,0
100191,56.0,Female,South,Secondary,Self-Employed,735134.39,103440.85,Car,843.0,0
100192,24.0,Male,East,Graduate,Salaried,1968177.25,65037.94,Business,461.0,0
100193,51.0,Female,East,Secondary,Self-Employed,2286413.74,352343.29,Home,537.0,0
100194,32.0,Male,South,Post-Graduate,Salaried,2119991.42,2516306.63,Education,490.0,0
100195,23.0,Male,North,Post-Graduate,Salaried,1234089.86,1205090.09,Car,836.0,0
100196,53.0,Male,South,Graduate,Salaried,1876196.62,1842051.87,Education,490.0,1
100197,39.0,Female,South,Secondary,Self-Employed,,2813559.19,Business,827.0,0
100198,63.0,Male,South,Graduate,Unemployed,195845.88,143503.48,Education,757.0,0
100199,,Female,North,Secondary,Salaried,728221.98,,Business,776.0,0
100200,64.0,Female,East,Graduate,Self-Employed,2362274.65,1333982.27,Car,526.0,1
100201,51.0,Male,East,Secondary,Salaried,1272321.14,1048966.79,Other,523.0,0
100202,26.0,Female,East,Primary,Salaried,323278.67,288182.52,Other,817.0,0
100203,30.0,Male,West,Secondary,Salaried,1532902.61,254559.94,Home,,0
100204,50.0,Male,West,Graduate,Salaried,1252717.67,,Home,322.0,1
100205,34.0,Female,North,Secondary,Self-Employed,1435499.33,176732.6,Business,370.0,0
100206,23.0,Male,South,Graduate,Self-Employed,,2391059.5,Business,730.0,0
100207,49.0,Female,West,Secondary,,1715358.69,1410675.08,Other,656.0,0
100208,46.0,Female,South,Graduate,Self-Employed,2450098.38,1728457.47,Car,734.0,0
100209,36.0,Male,South,Secondary,Unemployed,1862055.55,359542.25,Home,729.0,0
100210,36.0,Male,North,Graduate,,1739094.84,2281679.55,Business,550.0,0
100211,,Male,South,Graduate,Self-Employed,505114.53,753060.21,Other,539.0,0
100212,41.0,Female,East,Secondary,,,1952681.31,Home,723.0,0
100213,56.0,Female,South,Graduate,Salaried,1329840.23,1940871.49,Education,690.0,0
100214,65.0,Male,South,Secondary,Salaried,1427993.57,554103.13,Car,530.0,0
100215,50.0,Female,West,Post-Graduate,Salaried,491095.18,216757.04,Home,508.0,0
100216,49.0,Female,North,Graduate,Self-Employed,299564.98,7011389.84,Car,340.0,0
100217,58.0,Female,South,Graduate,Self-Employed,952477.2,1369458.26,Car,315.0,1
100218,28.0,Female,West,Post-Graduate,Self-Employed,1812743.11,1108656.45,Education,545.0,0
100219,45.0,Male,East,Secondary,Salaried,2228123.73,,Education,780.0,0
100220,34.0,Male,West,Primary,Self-Employed,1899705.52,95408.56,Car,727.0,0
100221,42.0,Male,South,Graduate,Self-Employed,1768844.14,719890.05,Business,800.0,0
100222,50.0,Male,East,Secondary,Self-Employed,1312893.87,1809842.41,Home,360.0,0
100223,63.0,Male,North,Secondary,Self-Employed,716925.47,775123.33,Business,,1
100224,44.0,Male,West,Graduate,Salaried,,902334.3,Education,317.0,0
100225,55.0,Female,North,Graduate,Self-Employed,1178929.84,1664796.03,Home,483.0,1
100226,54.0,Male,South,Graduate,Salaried,1002303.35,1205404.21,Business,380.0,1
100227,50.0,Female,South,Secondary,Self-Employed,367031.25,546379.67,Business,332.0,1
100228,45.0,Female,North,Graduate,Self-Employed,371831.8,479214.26,Home,639.0,0
100229,54.0,Female,South,Secondary,Self-Employed,2239125.99,1623282.56,Education,347.0,0
100230,55.0,Female,North,Secondary,Self-Employed,216326.78,106862.87,Business,,0
100231,25.0,Male,South,Graduate,Self-Employed,1750721.12,1442532.98,Car,693.0,0
100232,65.0,Female,East,Primary,Salaried,2125725.21,1118980.24,Education,706.0,0
100233,22.0,Female,West,Graduate,Salaried,14574837.12,1559385.05,Other,689.0,0
100234,39.0,Female,North,Primary,Salaried,1831091.0,1759400.26,Home,698.0,0
100235,26.0,Male,East,Secondary,Self-Employed,417176.88,100262.72,Other,,0
100236,,Male,North,Primary,Salaried,1564864.97,1852089.08,Business,694.0,1
100237,45.0,Female,South,Graduate,Salaried,1063298.29,264500.59,Car,608.0,0
100238,25.0,Male,East,Secondary,Salaried,358457.56,172750.52,Business,552.0,0
100239,59.0,Female,West,Secondary,Salaried,2381270.43,1220037.69,Education,689.0,0
100240,49.0,Male,South,Secondary,Self-Employed,1793078.13,,Education,481.0,0
100241,39.0,Female,West,Post-Graduate,Self-Employed,936056.07,429549.97,Other,702.0,0
100242,33.0,Female,South,Graduate,Salaried,2390970.7,1682506.7,Education,514.0,0
100243,65.0,Male,West,Graduate,Salaried,,371880.48,Business,,0
100244,25.0,Male,West,Graduate,Salaried,2322510.15,3036118.04,Education,728.0,0
100245,65.0,Female,North,Secondary,Salaried,1722089.82,471357.81,Business,345.0,0
100246,42.0,Female,West,Secondary,Salaried,695042.5,791299.24,Business,526.0,1
100247,50.0,Female,South,Secondary,Salaried,422554.51,292859.67,Car,387.0,1
100248,43.0,Male,West,Graduate,Salaried,988056.69,9271784.31,Education,763.0,0
100249,23.0,Female,North,Primary,Salaried,433721.42,530495.81,Other,549.0,0
100250,31.0,Male,West,Post-Graduate,Salaried,13826484.36,350576.17,Other,742.0,0
100251,33.0,Male,West,Secondary,Self-Employed,657419.99,754274.45,Other,364.0,0
100252,32.0,Male,South,Graduate,Salaried,2181316.79,1750284.7,Other,620.0,0
100253,46.0,Female,East,Secondary,Salaried,580263.83,602609.44,Other,604.0,0
100254,26.0,Female,East,Secondary,Salaried,,644271.59,Other,823.0,0
100255,29.0,Female,West,Secondary,Self-Employed,1788764.39,7905943.64,Business,477.0,0
100256,39.0,Male,East,Graduate,Self-Employed,2188011.58,3126369.72,Business,796.0,1
100257,56.0,Female,West,Secondary,Salaried,1827530.31,1244536.18,Home,471.0,1
100258,35.0,Male,East,Secondary,Salaried,1991317.26,1711301.77,Home,807.0,0
100259,57.0,Male,East,Graduate,Self-Employed,1943209.58,1314433.32,Home,523.0,0
100260,62.0,Female,East,Post-Graduate,Salaried,789731.32,1028249.09,Home,389.0,1
100261,36.0,Male,East,Post-Graduate,Self-Employed,1173347.58,1103631.72,Home,511.0,0
100262,57.0,Male,East,Graduate,Salaried,14569092.59,1111362.8,Other,573.0,0
100263,64.0,Female,South,Post-Graduate,Self-Employed,2311543.41,3441638.18,Car,429.0,0
100264,36.0,Male,East,Graduate,Self-Employed,1748864.16,1309522.3,Business,575.0,0
100265,49.0,,North,Secondary,Self-Employed,1791712.39,2363984.7,Education,765.0,0
100266,58.0,Male,North,Graduate,Salaried,1720813.66,956740.71,Business,364.0,0
100267,34.0,Female,South,Graduate,Salaried,837935.94,710551.23,Business,433.0,0
100268,42.0,Female,North,Primary,Self-Employed,12166064.8,100988.7,Home,461.0,0
100269,48.0,Male,South,Post-Graduate,Salaried,2208662.22,2910323.76,Education,395.0,0
100270,26.0,Male,South,Primary,Self-Employed,1864293.0,2124199.43,Home,739.0,0
100271,21.0,Male,North,Secondary,Salaried,1757559.92,74019.2,Business,651.0,0
100272,65.0,Male,North,Secondary,Salaried,2049819.85,362156.75,Car,676.0,0
100273,45.0,Female,South,Graduate,Self-Employed,338714.93,308028.16,Car,468.0,0
100274,61.0,Female,West,Graduate,Salaried,684007.65,925085.0,Other,443.0,0
100275,45.0,Male,West,Secondary,Salaried,822564.96,149737.63,Home,591.0,0
100276,63.0,Female,South,Graduate,Salaried,1914997.25,884166.22,Car,355.0,0
100277,52.0,Male,South,Graduate,Salaried,1405624.68,2062527.59,Car,,0
100278,,Female,West,Secondary,Self-Employed,1949524.18,2793371.11,Home,374.0,1
100279,21.0,Male,North,Post-Graduate,Unemployed,1103302.06,509799.48,Business,813.0,0
100280,65.0,Male,South,Secondary,Salaried,1366226.9,456260.95,Business,459.0,0
100281,,Female,North,Secondary,Salaried,2391952.91,894282.22,Business,550.0,1
100282,28.0,Male,North,Secondary,Self-Employed,1898326.98,384140.67,Car,440.0,0
100283,52.0,Female,East,Secondary,Salaried,1992207.63,839713.77,Home,420.0,0
100284,42.0,Female,East,Graduate,Salaried,2442117.36,2317386.6,Education,808.0,0
100285,24.0,Female,South,Secondary,Salaried,,381783.93,Other,418.0,1
100286,21.0,Male,North,Secondary,Salaried,1068512.38,283046.76,Business,336.0,0
100287,35.0,Male,West,Post-Graduate,Salaried,2096313.03,1818600.63,Home,422.0,0
100288,32.0,Male,North,Post-Graduate,Salaried,1259018.49,569029.01,Other,618.0,0
100289,50.0,Male,South,Secondary,Self-Employed,1895816.29,727712.83,Business,677.0,0
100290,33.0,Female,South,Secondary,Unemployed,235471.79,214200.67,Home,309.0,0
100291,63.0,Male,East,Secondary,Salaried,732548.82,566051.32,Car,361.0,0
100292,38.0,Male,South,Post-Graduate,Salaried,1805964.83,1040436.51,Other,386.0,0
100293,29.0,Female,West,Primary,Salaried,1189160.28,1721704.2,Education,542.0,1
100294,46.0,Female,East,Secondary,Salaried,353274.85,147284.28,Car,411.0,1
100295,49.0,Male,West,Secondary,Salaried,1967181.26,1360908.35,Home,774.0,0
100296,26.0,Male,East,Graduate,Self-Employed,273565.15,351223.58,Car,635.0,1
100297,43.0,Male,North,Graduate,Salaried,2478369.76,163995.28,Other,714.0,0
100298,56.0,Male,West,Secondary,Self-Employed,461771.55,,Business,527.0,1
100299,44.0,Female,North,Graduate,,2065573.25,116454.8,Business,366.0,1
100300,,Male,East,Secondary,Unemployed,297479.47,,Business,743.0,0
100301,52.0,Male,West,Secondary,Salaried,614190.58,,Other,452.0,1
100302,60.0,Male,East,Graduate,Self-Employed,1291351.76,215532.99,Car,692.0,0
100303,62.0,Female,South,Graduate,Self-Employed,2024043.29,3004423.44,Business,667.0,0
100304,43.0,Female,East,Secondary,Salaried,919795.96,341229.82,Business,587.0,1
100305,54.0,Male,South,Post-Graduate,Salaried,1703925.46,717886.86,Car,357.0,0
100306,57.0,Female,West,Secondary,Self-Employed,2140912.49,606718.2,Education,625.0,0
100307,58.0,Male,East,Post-Graduate,,1486412.63,460277.66,Car,804.0,0
100308,52.0,Male,North,Secondary,Salaried,1401360.55,51402.56,Education,506.0,0
100309,32.0,Female,East,Primary,Salaried,1814895.51,428544.54,Education,413.0,0
100310,25.0,Male,West,Graduate,Salaried,928439.43,1360248.25,Business,747.0,0
100311,62.0,Male,East,Secondary,Salaried,586815.78,304731.91,Home,601.0,0
100312,65.0,Female,West,Post-Graduate,Self-Employed,1496559.99,449640.32,Other,625.0,0
100313,,Female,North,Post-Graduate,Salaried,1909196.52,719671.69,Home,627.0,0
100314,63.0,Female,East,Secondary,Salaried,758934.8,123787.99,Home,562.0,0
100315,24.0,,West,Post-Graduate,Self-Employed,,783159.27,Business,684.0,0
100316,57.0,Female,South,Secondary,Salaried,2142168.96,982870.68,Home,626.0,0
100317,25.0,Male,West,Secondary,Salaried,2365055.21,3470781.22,Other,646.0,0
100318,51.0,Female,West,Post-Graduate,Salaried,2244227.59,571009.76,Car,403.0,0
100319,47.0,Female,East,Graduate,Salaried,402524.94,267584.3,Education,802.0,0
100320,,Male,East,Graduate,Self-Employed,1294361.88,233454.87,Education,511.0,1
100321,26.0,Male,North,Secondary,Salaried,1314704.6,1320556.6,Business,393.0,0
100322,32.0,Male,West,Secondary,Salaried,,578431.39,Other,531.0,0
100323,24.0,Male,North,Primary,Salaried,1436161.69,2092599.88,Business,532.0,0
100324,54.0,Male,West,Graduate,Salaried,873336.89,547455.61,Other,335.0,0
100325,57.0,Female,South,Secondary,Self-Employed,581079.22,858775.28,Car,516.0,0
100326,23.0,Male,West,Secondary,Self-Employed,523077.54,487131.71,Home,627.0,0
100327,26.0,Male,West,Graduate,Self-Employed,1385676.57,1910476.56,Other,312.0,0
100328,58.0,Female,West,Secondary,Salaried,1494497.91,1327080.68,Other,402.0,0
100329,,Female,East,Post-Graduate,Salaried,1699107.4,1479292.22,Education,784.0,1
100330,46.0,Male,West,Primary,Self-Employed,949066.26,376338.77,Education,786.0,0
100331,22.0,Male,East,Secondary,Self-Employed,2171104.7,2246085.58,Business,533.0,1
100332,41.0,Male,West,Graduate,Salaried,1204782.51,,Other,716.0,0
100333,44.0,Female,South,Primary,Self-Employed,1115853.53,1317387.2,Home,836.0,0
100334,32.0,Male,South,Graduate,Salaried,1238960.91,1710205.36,Business,503.0,1
100335,53.0,Male,North,Graduate,Salaried,1313985.23,906954.81,Education,,0
100336,43.0,Male,East,Graduate,Self-Employed,,518533.61,Car,466.0,0
100337,35.0,Female,South,Secondary,Salaried,226521.47,276118.12,Car,943.0,0
100338,62.0,Male,North,Secondary,Self-Employed,2367771.53,2545772.93,Business,581.0,1
100339,43.0,Male,South,Graduate,Self-Employed,,1276646.0,Education,404.0,1
100340,56.0,Female,East,Secondary,Salaried,328101.97,487006.72,Education,632.0,0
100341,62.0,Female,East,Secondary,Salaried,737500.82,109968.32,Car,713.0,0
100342,22.0,Female,East,Secondary,Salaried,1080797.82,105493.1,Car,494.0,0
100343,64.0,Female,West,Post-Graduate,Self-Employed,1356970.47,1728542.46,Business,485.0,1
100344,29.0,Female,South,Post-Graduate,Self-Employed,1698288.37,605063.16,Education,528.0,0
100345,47.0,Female,East,Secondary,Salaried,1255924.66,265997.91,Other,354.0,0
100346,58.0,Female,North,Graduate,Salaried,457972.97,483576.88,Home,842.0,0
100347,,Male,South,Secondary,Unemployed,2251400.69,3332681.76,Car,446.0,1
100348,26.0,Male,South,Secondary,Salaried,1228763.49,425453.0,Car,,0
100349,52.0,Female,North,Secondary,Salaried,1176230.56,785497.99,Home,788.0,0
100350,55.0,Male,East,Post-Graduate,Self-Employed,1935886.75,1565480.21,Car,318.0,0
100351,35.0,Female,East,Secondary,Salaried,1347740.63,653539.87,Education,366.0,0
100352,39.0,Male,East,Secondary,Self-Employed,490391.48,732940.11,Car,801.0,0
100353,31.0,Female,West,Primary,Salaried,2464920.5,820291.18,Car,322.0,0
100354,28.0,Male,North,Secondary,Self-Employed,1969299.22,1859551.51,Home,349.0,0
100355,24.0,Female,West,Secondary,Salaried,766352.84,821724.64,Home,510.0,0
100356,40.0,Male,North,Graduate,,1585071.66,369262.84,Other,407.0,0
100357,28.0,Male,North,Graduate,Self-Employed,1984864.69,2484044.03,Business,506.0,1
100358,39.0,Male,West,Post-Graduate,Self-Employed,1295140.35,493850.59,Home,313.0,0
100359,57.0,Female,South,Post-Graduate,Self-Employed,354111.86,,Business,,0
100360,39.0,Male,North,Primary,Salaried,271511.29,153810.04,Home,620.0,0
100361,27.0,Female,North,Primary,Salaried,1681500.81,862532.13,Education,748.0,0
100362,26.0,,East,Secondary,Salaried,2412559.04,,Business,694.0,0
100363,47.0,Female,South,Secondary,Self-Employed,316059.64,449690.32,Other,463.0,1
100364,51.0,Female,West,Secondary,Salaried,1011949.48,92300.04,Business,433.0,0
100365,28.0,Female,West,Primary,Salaried,909032.03,975484.15,Other,837.0,0
100366,57.0,Male,East,Graduate,Self-Employed,1614314.52,1076486.6,Business,554.0,0
100367,30.0,Female,North,Primary,Unemployed,1352916.77,978898.86,Home,807.0,0
100368,52.0,Male,East,Post-Graduate,Salaried,696679.13,690112.76,Home,712.0,0
100369,50.0,Male,West,Primary,,913262.74,1344381.53,Business,318.0,1
100370,23.0,Female,North,Graduate,Self-Employed,2414557.3,2327181.59,Business,820.0,0
100371,,Male,North,Graduate,Self-Employed,950176.49,1105400.71,Education,784.0,0
100372,,Male,South,Primary,Salaried,1650093.94,1989901.05,Home,834.0,0
100373,23.0,Female,West,Secondary,Self-Employed,,342114.62,Business,500.0,1
100374,34.0,Male,South,Graduate,Salaried,1141571.2,1590383.91,Business,426.0,0
100375,50.0,Female,South,Post-Graduate,Salaried,1888016.32,1589089.19,Business,743.0,0
100376,53.0,Female,South,Graduate,Salaried,2071366.44,366569.6,Business,629.0,0
100377,47.0,Female,South,Secondary,Unemployed,2431540.63,,Other,436.0,1
100378,65.0,Female,East,Graduate,Salaried,908273.04,1017007.84,Other,522.0,1
100379,39.0,Female,South,Post-Graduate,Self-Employed,2403317.37,1841329.11,Education,630.0,0
100380,56.0,Male,West,Graduate,Self-Employed,1418654.5,1873381.68,Other,732.0,0
100381,27.0,Male,South,Primary,Salaried,799389.59,952642.78,Car,593.0,0
100382,24.0,Female,East,Secondary,Salaried,1012143.25,714505.98,Other,529.0,0
100383,45.0,Male,East,Graduate,Salaried,1065271.7,694806.02,Home,620.0,0
100384,21.0,Female,South,Graduate,Self-Employed,2198673.97,2745795.44,Other,676.0,0
100385,59.0,Male,South,Secondary,Salaried,1763768.54,535326.29,Home,477.0,0
100386,45.0,Male,East,Graduate,Salaried,1534847.65,624365.6,Car,638.0,0
100387,23.0,Male,East,Graduate,Self-Employed,1630850.66,2070396.09,Other,192.0,0
100388,56.0,Male,East,Graduate,Unemployed,1387806.59,1647448.64,Other,463.0,1
100389,46.0,Male,South,Post-Graduate,Self-Employed,948074.36,452816.76,Other,843.0,0
100390,62.0,Male,East,Secondary,Unemployed,,1513187.41,Education,340.0,0
100391,45.0,Female,North,Secondary,Salaried,836163.27,1147471.65,Other,683.0,0
100392,49.0,Male,East,Post-Graduate,Salaried,1372235.7,,Other,471.0,0
100393,55.0,Male,North,Secondary,Self-Employed,674566.31,709256.61,Business,406.0,1
100394,62.0,,North,Graduate,Salaried,1245402.55,,Car,389.0,1
100395,37.0,Female,South,Post-Graduate,Salaried,1226611.54,773928.51,Home,623.0,1
100396,55.0,Male,North,Graduate,Salaried,,243020.38,Education,814.0,0
100397,59.0,Male,West,Secondary,Self-Employed,251500.43,,Business,525.0,1
100398,55.0,Male,South,Secondary,Self-Employed,10269815.39,3153899.29,Home,682.0,0
100399,56.0,Female,South,Secondary,Salaried,1564239.34,1283493.95,Education,387.0,0
100400,34.0,Male,South,Secondary,Salaried,2116616.21,657254.72,Other,,0
100401,24.0,Female,West,Graduate,Salaried,1738309.78,691124.72,Business,502.0,0
100402,42.0,Male,South,Secondary,Self-Employed,2268275.13,1115349.61,Education,761.0,0
100403,65.0,Female,East,Graduate,Unemployed,571243.67,302722.2,Business,526.0,0
100404,38.0,Female,South,Graduate,Salaried,1293493.21,891833.37,Home,612.0,0
100405,32.0,Female,North,Graduate,Self-Employed,504803.87,6697268.9,Home,569.0,0
100406,25.0,Female,North,Graduate,Salaried,1964544.59,666328.75,Other,337.0,0
100407,55.0,Male,South,Secondary,Salaried,1971376.04,2181537.36,Other,597.0,1
100408,53.0,Male,East,Graduate,Self-Employed,2147317.87,2607519.81,Car,469.0,0
100409,49.0,Male,South,Graduate,Salaried,1012405.65,371359.61,Education,799.0,0
100410,44.0,Male,South,Graduate,,1080376.02,1491623.78,Education,347.0,1
100411,27.0,Female,East,Graduate,Salaried,1442892.14,417577.31,Home,687.0,0
100412,,Male,South,Graduate,Salaried,2193109.06,1627267.68,Home,793.0,0
100413,53.0,Female,West,Secondary,Salaried,,570184.01,Other,491.0,1
100414,28.0,Female,West,Graduate,Self-Employed,,957678.36,Business,515.0,0
100415,22.0,Male,South,Graduate,Salaried,1640533.79,144481.36,Education,,1
100416,32.0,Female,West,Graduate,Salaried,223198.48,254925.43,Car,590.0,0
100417,49.0,Female,West,Post-Graduate,Salaried,2106443.49,1918407.26,Other,486.0,0
100418,37.0,Male,East,Post-Graduate,Salaried,339715.52,223815.83,Car,435.0,1
100419,54.0,Female,West,Graduate,Self-Employed,591619.47,805033.05,Other,339.0,0
100420,53.0,Female,North,Graduate,Salaried,1580061.19,1969926.48,Education,741.0,0
100421,23.0,,West,Secondary,Self-Employed,2011768.96,1181377.8,Education,400.0,0
100422,51.0,Female,North,Secondary,Self-Employed,1128060.35,360389.62,Home,307.0,0
100423,54.0,Male,South,Graduate,Salaried,1020465.91,279180.47,Other,559.0,0
100424,48.0,Female,East,Post-Graduate,Salaried,652569.29,562824.85,Other,794.0,0
100425,56.0,Male,East,Graduate,Self-Employed,1103661.02,271667.84,Business,421.0,0
100426,65.0,Female,North,Secondary,Salaried,965175.8,819575.45,Home,353.0,1
100427,26.0,Female,West,Post-Graduate,Salaried,328666.66,148244.22,Business,381.0,0
100428,46.0,Female,East,Graduate,Salaried,2374060.79,2929897.88,Car,806.0,0
100429,63.0,Female,East,Secondary,Self-Employed,1364471.01,1444599.13,Education,473.0,0
100430,36.0,Female,South,Primary,Salaried,1106686.16,1128175.48,Other,715.0,0
100431,21.0,Female,North,Post-Graduate,Salaried,1864641.81,1585864.95,Education,656.0,0
100432,35.0,Female,South,Graduate,Salaried,190791.37,91340.95,Home,818.0,0
100433,53.0,Male,North,Graduate,Unemployed,2212582.27,2708075.75,Business,556.0,0
100434,57.0,Male,South,Graduate,Unemployed,1244528.36,887033.46,Education,328.0,0
100435,25.0,Male,South,Graduate,Salaried,912495.21,1309987.14,Education,828.0,0
100436,36.0,Male,West,Graduate,Self-Employed,356386.86,501336.26,Car,787.0,0
100437,57.0,Male,South,Graduate,Salaried,1886195.43,2475607.24,Car,511.0,1
100438,60.0,Male,North,Secondary,Salaried,2397408.87,1797045.43,Other,306.0,0
100439,23.0,Female,East,Graduate,Salaried,2466038.28,3323203.68,Other,581.0,0
100440,,Male,South,Primary,Self-Employed,1289702.58,,Car,814.0,0
100441,50.0,Female,West,Secondary,Salaried,1743919.1,1023566.21,Other,403.0,0
100442,37.0,Male,East,Secondary,Salaried,1602354.98,911214.37,Business,810.0,0
100443,65.0,Female,East,Post-Graduate,Salaried,597343.01,160945.64,Education,534.0,0
100444,36.0,Female,West,Secondary,Self-Employed,1893417.47,1369693.49,Business,309.0,1
100445,29.0,,East,Graduate,Salaried,1484161.21,1285745.22,Car,707.0,0
100446,24.0,Male,East,Graduate,Self-Employed,1223663.18,647527.5,Other,669.0,0
100447,37.0,Male,West,Secondary,Self-Employed,2414430.42,760607.87,Education,478.0,0
100448,43.0,Male,West,Graduate,Salaried,361905.45,352449.21,Car,774.0,0
100449,31.0,Female,East,Secondary,Self-Employed,1119072.71,1527267.39,Car,381.0,1
100450,41.0,Male,East,Graduate,Self-Employed,1097456.35,1466919.92,Other,671.0,0
100451,49.0,Male,South,Post-Graduate,Salaried,724335.09,310832.79,Business,381.0,1
100452,27.0,Male,West,Graduate,Salaried,1101069.05,1275220.92,Other,385.0,1
100453,30.0,Male,West,Secondary,Salaried,839286.65,807371.28,Car,434.0,0
100454,22.0,Male,East,Post-Graduate,Salaried,1284679.0,1880058.4,Car,578.0,0
100455,65.0,Female,West,Graduate,Self-Employed,1488444.01,,Education,846.0,0
100456,51.0,Female,North,Secondary,Salaried,782752.34,391254.97,Car,300.0,0
100457,43.0,,North,Graduate,Salaried,1932696.67,903603.85,Other,740.0,0
100458,35.0,Female,East,Secondary,Self-Employed,1194086.77,485101.67,Car,699.0,0
100459,37.0,Male,South,Graduate,Self-Employed,1602661.63,1683493.17,Other,578.0,1
100460,38.0,Male,North,Secondary,Salaried,1657591.09,1555027.69,Business,578.0,0
100461,33.0,Male,South,Primary,Salaried,611375.23,138677.54,Business,575.0,1
100462,21.0,Male,South,Primary,Salaried,1154963.82,1371940.24,Business,810.0,0
100463,65.0,Female,East,Primary,Self-Employed,518923.76,244117.38,Business,701.0,0
100464,32.0,Male,East,Graduate,Self-Employed,462950.81,545013.21,Business,554.0,1
100465,36.0,Female,North,Secondary,Self-Employed,397987.91,414294.23,Education,980.0,0
100466,41.0,Male,North,Graduate,Salaried,463368.31,,Home,605.0,0
100467,63.0,Male,North,Secondary,Salaried,214957.08,266420.24,Car,422.0,1
100468,21.0,Female,West,Graduate,Salaried,1968249.04,771884.9,Other,811.0,0
100469,42.0,Female,North,Primary,,1807081.28,2155792.44,Education,428.0,0
100470,56.0,,East,Graduate,Salaried,627679.49,664479.62,Education,931.0,0
100471,23.0,Male,West,Graduate,Salaried,1317013.43,1141195.6,Business,656.0,0
100472,38.0,Female,South,Primary,Salaried,,378907.66,Other,675.0,0
100473,45.0,Female,North,Graduate,Salaried,,812702.48,Other,364.0,0
100474,45.0,Male,West,Graduate,Salaried,836859.47,543932.97,Other,629.0,0
100475,63.0,Male,South,Secondary,Salaried,428367.99,163542.82,Business,332.0,0
100476,63.0,Male,East,Primary,Salaried,1845400.85,85569.37,Home,513.0,0
100477,50.0,Female,North,Secondary,Self-Employed,2245799.02,,Education,359.0,0
100478,54.0,Male,North,Graduate,Salaried,680888.15,,Other,403.0,0
100479,45.0,Male,South,Graduate,Unemployed,12581111.26,1257435.39,Other,408.0,0
100480,43.0,Female,West,Post-Graduate,Salaried,598519.97,390432.12,Other,645.0,0
100481,59.0,Male,East,Post-Graduate,Salaried,,3166699.49,Business,,0
100482,41.0,Female,South,Secondary,Salaried,1907421.77,1062031.78,Business,763.0,0
100483,21.0,Female,East,Graduate,Salaried,2484715.86,1159894.03,Car,607.0,0
100484,41.0,Male,East,Post-Graduate,Salaried,1503950.24,1310933.03,Education,396.0,1
100485,30.0,Male,East,Post-Graduate,Salaried,774485.71,383854.79,Car,709.0,0
100486,25.0,Female,West,Secondary,Self-Employed,1779860.63,1559608.59,Education,397.0,0
100487,23.0,Female,West,Primary,Salaried,1968491.49,1059949.97,Home,744.0,0
100488,35.0,Female,North,Graduate,Self-Employed,305576.84,264139.94,Car,626.0,0
100489,41.0,Female,South,Secondary,Self-Employed,2493892.14,3633952.44,Business,816.0,1
100490,39.0,Female,South,Secondary,Salaried,1505742.17,158909.14,Business,708.0,0
100491,53.0,Male,South,Graduate,Salaried,639611.78,409509.91,Other,500.0,0
100492,36.0,Male,East,Graduate,Salaried,2324000.35,357847.26,Education,723.0,0
100493,33.0,Male,North,Graduate,Salaried,991342.05,1230627.03,Business,752.0,0
100494,23.0,Female,South,Secondary,Salaried,1937942.38,2486273.46,Car,415.0,0
100495,60.0,Female,East,Primary,Self-Employed,438164.94,323298.72,Other,191.0,0
100496,34.0,Male,East,Graduate,,2482140.94,2603143.26,Other,318.0,1
100497,23.0,Male,North,Secondary,Self-Employed,1613678.28,175839.51,Education,308.0,1
100498,63.0,Female,East,Post-Graduate,Salaried,2192392.23,2153175.36,Other,536.0,0
100499,27.0,Female,West,Post-Graduate,Salaried,612488.34,484931.65,Home,768.0,0
100500,,Male,East,Secondary,Salaried,544252.18,315764.58,Education,660.0,0
100501,36.0,Other,East,Graduate,Self-Employed,2218531.28,,Education,330.0,0
100502,35.0,Male,West,Graduate,Salaried,1066720.52,1539016.42,Other,532.0,1
100503,30.0,Male,East,Post-Graduate,Salaried,1437982.3,485632.09,Car,441.0,0
100504,29.0,Male,South,Secondary,Unemployed,1966515.99,1952923.77,Other,461.0,1
100505,55.0,Female,North,Secondary,Self-Employed,517612.97,71417.28,Business,,0
100506,47.0,Male,East,Secondary,,485186.44,67756.62,Other,,0
100507,35.0,Female,South,Graduate,Salaried,1776487.78,1296186.92,Business,814.0,0
100508,62.0,Male,West,Graduate,Salaried,628362.8,78766.3,Business,315.0,0
100509,35.0,Female,South,Graduate,Salaried,2330879.44,3446787.42,Business,801.0,0
100510,36.0,Male,North,Graduate,Self-Employed,1850866.12,1124572.75,Home,849.0,0
100511,54.0,Male,West,Graduate,Salaried,2490340.38,1961684.11,Home,705.0,0
100512,56.0,Male,North,Secondary,Salaried,2231802.38,2601357.45,Business,592.0,0
100513,39.0,Female,North,Graduate,Unemployed,,1234468.66,Home,392.0,0
100514,,Female,South,Secondary,Salaried,237796.1,189141.23,Home,506.0,0
100515,37.0,Male,South,Graduate,Salaried,444862.66,6590835.02,Business,671.0,0
100516,53.0,Female,South,Secondary,Salaried,1962363.95,2689645.31,Car,453.0,1
100517,32.0,Female,North,Secondary,Salaried,1963222.58,1341843.45,Car,485.0,1
100518,33.0,Male,East,Primary,Salaried,1336850.0,1628795.72,Other,805.0,1
100519,63.0,Male,West,Secondary,Self-Employed,195249.41,264255.74,Other,584.0,0
100520,34.0,Male,South,Primary,Salaried,517268.65,73542.55,Home,605.0,0
100521,24.0,Male,South,Secondary,Salaried,1713345.1,1813626.33,Other,481.0,0
100522,,Female,North,Graduate,Salaried,2262269.08,2792476.11,Home,737.0,0
100523,39.0,Male,North,Graduate,Salaried,1402762.34,1127698.61,Home,514.0,0
100524,57.0,Female,North,Graduate,Self-Employed,2346628.69,3472330.01,Education,594.0,1
100525,37.0,Female,East,Post-Graduate,Self-Employed,,1470059.07,Car,809.0,0
100526,60.0,Male,East,Post-Graduate,Salaried,235649.37,239811.11,Car,420.0,0
100527,60.0,Other,West,Primary,Salaried,2050020.96,692328.92,Education,506.0,0
100528,,Male,East,Graduate,Salaried,,596478.55,Car,329.0,0
100529,42.0,Female,West,Post-Graduate,Self-Employed,1677913.15,1237786.73,Other,771.0,0
100530,42.0,Male,West,Post-Graduate,Salaried,1388889.88,1198717.54,Home,623.0,0
100531,34.0,Female,East,Graduate,Self-Employed,1000341.65,1456436.18,Education,587.0,0
100532,45.0,Female,South,Graduate,Salaried,1560845.13,2031015.59,Education,615.0,0
100533,23.0,Male,North,Graduate,,1228422.68,1754305.12,Car,,0
100534,28.0,Male,North,Graduate,Unemployed,1209555.9,6994645.03,Car,794.0,0
100535,33.0,Male,West,Graduate,Salaried,1979237.05,468257.55,Other,400.0,0
100536,64.0,Other,South,Graduate,Salaried,1835731.55,1462210.2,Home,304.0,0
100537,64.0,Female,North,Secondary,Self-Employed,419198.56,493463.44,Education,619.0,1
100538,61.0,Female,East,Secondary,Salaried,1414879.87,1651462.01,Car,420.0,1
100539,38.0,Male,North,Secondary,Salaried,918885.0,238033.83,Car,,0
100540,25.0,Male,East,Graduate,Salaried,247263.03,339861.61,Home,351.0,1
100541,26.0,Male,South,Graduate,Self-Employed,1640372.0,1713586.09,Education,756.0,0
100542,42.0,Female,North,Post-Graduate,Self-Employed,1260413.24,292585.01,Education,779.0,0
100543,64.0,Female,West,Graduate,Unemployed,513434.31,695040.29,Business,564.0,0
100544,32.0,Female,East,Graduate,Self-Employed,1231616.72,104397.51,Business,786.0,0
100545,50.0,Female,East,Graduate,Self-Employed,475554.08,118278.14,Home,409.0,0
100546,40.0,Female,West,Graduate,Salaried,745363.26,219840.81,Education,793.0,0
100547,34.0,Female,West,Graduate,Salaried,2006598.11,1661743.57,Home,541.0,1
100548,57.0,Female,North,Graduate,Salaried,1467803.47,1818751.28,Business,480.0,1
100549,25.0,Female,West,Secondary,Self-Employed,322638.75,144434.4,Home,442.0,0
100550,,Female,West,Graduate,Salaried,1520800.88,486571.62,Education,624.0,0
100551,48.0,Female,East,Post-Graduate,Salaried,1598658.55,1248469.05,Home,430.0,0
100552,44.0,Female,North,Primary,Salaried,2450575.25,447751.05,Car,588.0,0
100553,48.0,Female,West,Graduate,Self-Employed,1121995.76,760662.58,Business,516.0,0
100554,29.0,Male,West,Graduate,Salaried,1147986.35,,Home,428.0,1
100555,62.0,Male,West,Graduate,Unemployed,494999.73,145024.98,Other,725.0,0
100556,48.0,Female,West,Graduate,Salaried,,9182207.48,Home,490.0,0
100557,57.0,Female,South,Graduate,Salaried,2329629.53,2035213.57,Other,334.0,0
100558,51.0,Female,North,Graduate,Unemployed,365746.41,414084.8,Education,839.0,0
100559,50.0,Female,North,Secondary,Self-Employed,1719869.7,1741723.66,Education,619.0,0
100560,55.0,Female,West,Graduate,Unemployed,1511599.5,785098.87,Education,661.0,0
100561,39.0,Male,East,Graduate,Salaried,322489.21,255225.72,Education,473.0,0
100562,60.0,Male,West,Primary,Salaried,2155352.99,934400.91,Education,435.0,0
100563,37.0,,North,Graduate,Unemployed,1894403.98,1890102.82,Education,678.0,0
100564,65.0,Male,South,Graduate,Self-Employed,975407.35,169268.64,Car,448.0,0
100565,52.0,Female,West,Graduate,,1201229.22,1166931.25,Education,515.0,0
100566,24.0,Female,North,Primary,Salaried,1284858.11,,Business,845.0,0
100567,51.0,Male,West,Primary,Unemployed,1221263.85,1259004.53,Home,842.0,0
100568,27.0,Female,East,Post-Graduate,Salaried,,2981101.12,Home,643.0,0
100569,37.0,Female,West,Graduate,Self-Employed,740968.97,763179.81,Car,499.0,0
100570,41.0,Female,North,Graduate,Salaried,406661.12,108187.21,Education,756.0,0
100571,37.0,Male,North,Graduate,Salaried,14973786.66,2095040.85,Home,522.0,0
100572,28.0,Male,South,Secondary,Self-Employed,1683141.54,2037689.09,Car,489.0,0
100573,37.0,Male,North,Graduate,Unemployed,821209.86,554615.3,Home,631.0,0
100574,38.0,Female,West,Secondary,Unemployed,779113.57,959256.23,Business,482.0,1
100575,33.0,Female,South,Graduate,Salaried,1434266.6,956236.22,Education,408.0,0
100576,27.0,Male,North,Graduate,Salaried,1214446.36,1638323.7,Home,452.0,0
100577,23.0,Female,East,Secondary,Salaried,1087886.45,55858.71,Business,802.0,0
100578,25.0,Female,North,Secondary,Self-Employed,11335382.83,405588.24,Education,848.0,0
100579,42.0,Female,West,Primary,Unemployed,1681212.63,953092.3,Business,51.0,1
100580,39.0,Female,South,Graduate,Unemployed,1712903.09,802960.39,Education,699.0,0
100581,52.0,Male,West,Graduate,Salaried,627975.11,691980.35,Home,544.0,0
100582,55.0,Female,West,Graduate,Self-Employed,1222392.88,1826158.22,Education,337.0,1
100583,23.0,Male,South,Graduate,Self-Employed,1243419.25,1280798.64,Other,849.0,1
100584,35.0,Female,North,Graduate,Salaried,224226.18,309760.94,Car,346.0,1
100585,,Male,North,Post-Graduate,Self-Employed,405718.0,391416.72,Home,365.0,0
100586,28.0,Female,South,Primary,Salaried,962636.02,1215200.53,Other,711.0,0
100587,55.0,Male,South,Graduate,,,217540.76,Car,,0
100588,65.0,Male,South,Secondary,Unemployed,274421.43,86151.59,Home,685.0,0
100589,52.0,Male,North,Secondary,Salaried,1692073.44,2256742.58,Business,726.0,0
100590,65.0,Male,South,Graduate,Salaried,1135912.67,1601477.33,Business,338.0,0
100591,60.0,Female,East,Secondary,Salaried,726682.5,172210.93,Other,842.0,0
100592,44.0,Female,South,Graduate,Self-Employed,662812.19,100108.74,Business,415.0,0
100593,52.0,Male,North,Primary,Salaried,666248.23,288654.91,Home,764.0,1
100594,55.0,Male,North,Graduate,Salaried,2256583.69,,Education,633.0,0
100595,35.0,Female,East,Secondary,Salaried,,381093.3,Other,525.0,1
100596,52.0,Male,West,Secondary,Unemployed,1235578.82,748499.16,Car,439.0,0
100597,61.0,Male,East,Secondary,Salaried,1785928.43,206817.97,Business,439.0,1
100598,50.0,Male,East,Secondary,Salaried,543748.45,658337.29,Other,474.0,0
100599,35.0,Male,West,Post-Graduate,Salaried,1278494.46,914321.59,Car,314.0,0
100600,36.0,Male,South,Post-Graduate,Salaried,525609.71,,Home,305.0,0
100601,23.0,Other,North,Secondary,Salaried,2058542.33,2166303.42,Car,400.0,0
100602,,Female,North,Graduate,Salaried,685775.05,400758.23,Home,544.0,0
100603,22.0,Male,East,Secondary,,1503283.45,1336926.87,Car,,0
100604,46.0,Male,East,Graduate,,183163.67,190983.98,Education,694.0,0
100605,54.0,Male,West,Graduate,Self-Employed,1601002.87,1402654.33,Home,512.0,0
100606,60.0,Female,North,Graduate,Unemployed,1024458.01,126657.42,Other,692.0,0
100607,23.0,Male,South,Graduate,Self-Employed,1480959.04,1729771.69,Car,441.0,0
100608,55.0,Male,West,Graduate,Self-Employed,2201024.81,2335322.17,Education,530.0,1
100609,53.0,Female,East,Primary,Salaried,,949796.57,Other,425.0,0
100610,64.0,Female,East,Graduate,Salaried,1742071.03,1826804.63,Business,367.0,1
100611,26.0,Male,South,Secondary,,433726.62,215728.43,Car,451.0,0
100612,54.0,Female,North,Secondary,Unemployed,1436129.1,,Home,655.0,0
100613,39.0,Male,North,Post-Graduate,,2378081.01,2317389.87,Education,721.0,0
100614,52.0,Female,West,Graduate,Salaried,2264014.06,1075538.75,Education,566.0,1
100615,39.0,Female,North,Secondary,Salaried,2398416.14,7791231.6,Education,464.0,0
100616,32.0,Female,South,Secondary,Salaried,2485553.45,2163293.27,Car,751.0,0
100617,34.0,Female,North,Graduate,Unemployed,523230.58,379526.27,Home,466.0,0
100618,22.0,Male,West,Graduate,Unemployed,2332522.19,588193.9,Education,819.0,0
100619,51.0,Female,South,Graduate,Self-Employed,2319717.68,1211544.17,Home,415.0,0
100620,29.0,Female,North,Secondary,Salaried,2130834.45,1453142.33,Other,394.0,0
100621,62.0,Male,South,Graduate,Self-Employed,634060.36,125321.75,Home,756.0,0
100622,,Male,West,Secondary,Self-Employed,2368693.02,3232325.58,Business,669.0,0
100623,44.0,Male,North,Secondary,Salaried,2447854.82,3216530.49,Business,389.0,1
100624,47.0,Female,East,Secondary,Self-Employed,2262718.78,2486513.8,Other,724.0,1
100625,59.0,Male,South,Secondary,Unemployed,1398698.43,736949.47,Business,684.0,1
100626,61.0,Female,West,Secondary,Salaried,1497565.87,2059378.27,Business,504.0,1
100627,,Female,North,Graduate,Salaried,1537683.15,1164949.96,Home,774.0,0
100628,30.0,Male,West,Secondary,Self-Employed,847438.56,269041.9,Education,550.0,1
100629,52.0,Other,North,Graduate,Salaried,1294727.3,875081.28,Business,564.0,0
100630,65.0,Female,East,Graduate,Salaried,2141049.76,564853.68,Business,359.0,1
100631,65.0,Male,South,Primary,Salaried,,2374984.32,Other,349.0,1
100632,61.0,Female,South,Graduate,Salaried,399260.07,463110.34,Education,630.0,0
100633,38.0,Female,East,Primary,Salaried,2090090.38,89791.04,Business,830.0,0
100634,47.0,Male,South,Secondary,Salaried,692983.32,236433.69,Other,838.0,0
100635,65.0,Female,North,Secondary,,450432.31,132105.2,Education,317.0,0
100636,65.0,Male,West,Post-Graduate,Salaried,1951527.75,1034163.59,Home,611.0,1
100637,,Male,South,Graduate,Salaried,666831.14,982296.14,Home,735.0,0
100638,25.0,Male,West,Graduate,Salaried,430136.33,522030.01,Business,825.0,0
100639,28.0,Female,North,Primary,Self-Employed,1930556.63,2276498.2,Car,510.0,0
100640,32.0,Female,North,Primary,Self-Employed,2365080.35,3368512.99,Other,,0
100641,60.0,Male,North,Primary,Salaried,212443.6,108299.87,Car,496.0,0
100642,55.0,Male,North,Post-Graduate,Unemployed,2155008.6,1560788.21,Home,489.0,1
100643,32.0,Female,West,Secondary,Salaried,1125580.89,1297471.41,Home,621.0,1
100644,54.0,Male,East,Graduate,Salaried,274211.87,168553.94,Business,418.0,0
100645,59.0,Female,West,Secondary,Salaried,2465112.6,1611062.45,Business,371.0,0
100646,64.0,Male,North,Post-Graduate,Salaried,423998.77,306701.39,Business,387.0,1
100647,46.0,Female,North,Graduate,Self-Employed,571437.85,343570.99,Other,503.0,0
100648,46.0,Male,West,Graduate,Salaried,1835305.63,1622901.86,Business,579.0,0
100649,43.0,Male,West,Post-Graduate,Salaried,521907.91,383184.46,Business,425.0,0
100650,35.0,Female,South,Primary,Self-Employed,,1598944.22,Business,327.0,0
100651,59.0,Female,South,Secondary,Self-Employed,1943597.75,1944258.13,Business,832.0,0
100652,33.0,Male,West,Graduate,,977188.31,1267108.98,Home,318.0,0
100653,48.0,Female,North,Secondary,Salaried,1053100.83,753113.74,Education,333.0,1
100654,31.0,Female,South,Secondary,Salaried,1952505.84,1687596.96,Other,802.0,0
100655,57.0,Male,South,Graduate,Salaried,1327683.42,1934969.98,Education,661.0,0
100656,41.0,Male,North,Secondary,Salaried,2058163.95,1823651.32,Business,649.0,0
100657,43.0,Other,West,Secondary,Self-Employed,754464.32,751028.91,Home,386.0,0
100658,40.0,Male,South,Primary,Salaried,1249309.78,1624753.68,Education,827.0,0
100659,22.0,Female,North,Post-Graduate,Salaried,1085497.83,953607.25,Car,800.0,0
100660,42.0,Female,East,Secondary,Salaried,2429072.39,775041.53,Other,377.0,0
100661,,Male,North,Secondary,Salaried,2046679.01,1936219.88,Other,394.0,0
100662,27.0,Female,East,Primary,Self-Employed,1282622.61,443037.32,Education,378.0,0
100663,53.0,Female,West,Graduate,Salaried,1141209.06,,Other,827.0,0
100664,32.0,Female,South,Graduate,Salaried,,2698322.44,Other,778.0,0
100665,60.0,Female,West,Post-Graduate,Self-Employed,318925.45,135955.24,Car,773.0,0
100666,64.0,Female,West,Secondary,Self-Employed,2293839.69,,Education,722.0,0
100667,62.0,Male,South,Secondary,Salaried,,268048.42,Other,617.0,0
100668,48.0,Male,North,Secondary,Salaried,247609.13,303810.7,Car,,0
100669,62.0,Female,West,Graduate,Salaried,2259892.7,1098391.42,Business,605.0,0
100670,44.0,Female,North,Secondary,Self-Employed,2135180.62,794183.68,Other,812.0,0
100671,63.0,Female,East,Graduate,Salaried,1571585.45,1834043.77,Other,620.0,0
100672,45.0,Female,South,Post-Graduate,Salaried,427808.51,176690.81,Education,581.0,0
100673,58.0,Male,East,Graduate,Salaried,1446128.48,1056307.4,Car,552.0,0
100674,44.0,Male,East,Graduate,Salaried,2422987.97,2221531.98,Car,355.0,0
100675,37.0,Female,East,Graduate,Self-Employed,2275324.47,2354481.05,Business,847.0,0
100676,45.0,Male,West,Post-Graduate,Unemployed,878060.51,1236405.47,Car,,1
100677,49.0,Female,West,Graduate,Salaried,365819.38,438737.71,Business,803.0,0
100678,42.0,Female,North,Graduate,Self-Employed,1354696.07,747394.8,Home,,0
100679,,Female,South,Graduate,Self-Employed,495733.96,8693049.03,Home,612.0,0
100680,28.0,Male,South,Graduate,Self-Employed,2018930.12,1001296.83,Car,789.0,0
100681,37.0,Male,East,Graduate,Salaried,1141631.7,352381.34,Other,686.0,0
100682,35.0,Male,North,Post-Graduate,Self-Employed,,2227028.9,Car,773.0,1
100683,24.0,Male,West,Graduate,Salaried,2402636.24,654608.96,Other,420.0,1
100684,48.0,Female,West,Graduate,Salaried,700802.76,253389.98,Business,,0
100685,45.0,Male,South,Graduate,Unemployed,836484.01,865826.79,Car,728.0,1
100686,22.0,,East,Secondary,Salaried,756097.67,681952.33,Business,769.0,0
100687,29.0,Female,West,Graduate,Self-Employed,1823611.35,2026746.5,Other,562.0,1
100688,,Male,South,Graduate,Salaried,1586788.76,1613067.15,Other,346.0,1
100689,60.0,Male,West,Graduate,Salaried,,186738.38,Other,483.0,0
100690,52.0,Female,West,Secondary,Salaried,1410583.22,342932.24,Car,419.0,0
100691,52.0,Female,East,Graduate,Unemployed,836387.18,1106340.71,Business,570.0,1
100692,31.0,Male,West,Graduate,Salaried,2159038.09,2146219.57,Car,750.0,0
100693,24.0,,North,Graduate,Salaried,1263748.19,264136.57,Education,806.0,1
100694,56.0,Male,West,Secondary,Self-Employed,523484.6,307038.49,Car,508.0,0
100695,31.0,Female,East,Graduate,,672759.08,1007224.71,Other,304.0,0
100696,32.0,Male,North,Secondary,Salaried,398788.12,230164.34,Home,591.0,0
100697,46.0,Male,North,Graduate,Salaried,368066.71,,Education,791.0,0
100698,59.0,Female,East,Post-Graduate,Self-Employed,2386078.65,1196665.02,Home,,1
100699,62.0,Male,North,Graduate,Salaried,1577316.34,264345.78,Business,561.0,1
100700,26.0,Male,South,Secondary,Self-Employed,841051.26,961782.57,Business,457.0,1
100701,48.0,Female,East,Post-Graduate,Self-Employed,1012982.68,191233.35,Business,676.0,0
100702,49.0,Female,West,Secondary,Self-Employed,389315.85,275623.33,Business,677.0,0
100703,61.0,Male,North,Graduate,Unemployed,1749340.87,,Other,458.0,0
100704,61.0,Female,North,Secondary,Salaried,2284721.89,,Education,452.0,0
100705,36.0,Female,East,Graduate,Salaried,2308140.67,1801878.67,Home,,0
100706,50.0,Female,East,Secondary,Salaried,,97096.09,Car,773.0,0
100707,46.0,Male,West,Post-Graduate,Salaried,1542323.46,,Education,760.0,0
100708,42.0,Female,South,Secondary,Salaried,2458671.96,993399.75,Home,408.0,0
100709,21.0,Male,North,Secondary,Salaried,1784990.45,2332708.37,Other,,0
100710,44.0,Female,West,Graduate,Salaried,493464.36,181690.94,Car,316.0,0
100711,22.0,Male,South,Graduate,Salaried,1632457.23,1944989.49,Business,495.0,1
100712,30.0,Male,North,Secondary,Unemployed,1893972.34,1292718.79,Business,796.0,0
100713,58.0,Male,East,Graduate,Self-Employed,298139.46,53127.74,Business,742.0,0
100714,58.0,Female,East,Primary,Salaried,1370985.27,,Home,,1
100715,54.0,Male,East,Graduate,Salaried,1684056.66,2251587.68,Education,419.0,0
100716,49.0,Female,North,Secondary,Self-Employed,1268637.81,861800.14,Education,819.0,0
100717,59.0,Female,West,Secondary,Salaried,1830413.63,2637265.58,Car,668.0,0
100718,60.0,Male,North,Graduate,Salaried,642803.4,603778.83,Business,403.0,0
100719,40.0,Male,North,Post-Graduate,Salaried,785074.58,813311.89,Other,478.0,0
100720,23.0,Female,East,Secondary,Self-Employed,459996.24,193419.94,Education,564.0,0
100721,23.0,Female,East,Post-Graduate,Self-Employed,2206973.97,2020262.27,Business,406.0,0
100722,50.0,Female,North,Post-Graduate,Self-Employed,1594401.57,2060001.98,Home,404.0,0
100723,53.0,Male,North,Post-Graduate,Unemployed,544315.51,273904.46,Business,752.0,0
100724,27.0,Male,East,Secondary,Salaried,2148740.61,1443339.85,Home,725.0,0
100725,36.0,Female,West,Secondary,Salaried,377742.56,242405.78,Car,724.0,0
100726,30.0,Female,West,Graduate,Salaried,1174869.01,1621928.97,Other,769.0,0
100727,64.0,Male,North,Secondary,Self-Employed,1844891.71,1455811.05,Education,371.0,1
100728,46.0,Other,South,Secondary,Salaried,266057.46,372038.59,Home,454.0,0
100729,61.0,Other,East,Secondary,Self-Employed,1805833.72,2372541.9,Home,621.0,0
100730,38.0,,South,Graduate,Salaried,655909.89,558419.63,Business,752.0,0
100731,33.0,Female,North,Primary,Salaried,1862228.94,2080217.39,Other,429.0,0
100732,39.0,Male,East,Graduate,Self-Employed,551263.43,71668.56,Education,564.0,1
100733,48.0,Other,North,Graduate,Self-Employed,,620405.18,Home,426.0,1
100734,49.0,Male,North,Graduate,Unemployed,2048499.14,3039498.71,Car,846.0,0
100735,43.0,Male,South,Graduate,Salaried,754509.33,404653.04,Education,497.0,0
100736,50.0,Male,West,Graduate,Salaried,324289.32,437775.65,Home,787.0,1
100737,44.0,Female,West,Graduate,Salaried,1095895.34,470286.38,Business,810.0,0
100738,,Female,West,Graduate,Salaried,557795.24,447898.15,Car,796.0,0
100739,53.0,,North,Graduate,Salaried,255649.14,102301.92,Home,678.0,0
100740,59.0,Female,North,Secondary,Salaried,273454.57,105217.5,Education,680.0,0
100741,,Male,North,Graduate,Salaried,1547928.25,160529.94,Car,612.0,0
100742,32.0,Female,West,Primary,Salaried,336749.73,70336.09,Other,792.0,0
100743,49.0,Female,West,Graduate,Self-Employed,1585246.53,1823723.26,Business,130.0,0
100744,63.0,Male,East,Primary,Self-Employed,1626727.58,975527.32,Home,704.0,0
100745,63.0,Female,East,Graduate,Self-Employed,1820724.01,1583567.24,Home,616.0,0
100746,62.0,Female,South,Post-Graduate,Salaried,1937667.18,2784507.64,Business,,1
100747,53.0,Female,North,Graduate,Salaried,2412714.1,1031360.83,Other,510.0,1
100748,49.0,Male,East,Secondary,Salaried,2179780.46,124900.0,Home,747.0,0
100749,54.0,Male,East,Primary,Unemployed,1436927.91,650777.2,Home,487.0,1
100750,30.0,Male,West,Graduate,Salaried,2409806.14,696844.43,Home,359.0,0
100751,41.0,Male,East,Secondary,Unemployed,,8868687.04,Other,545.0,0
100752,36.0,Female,West,Post-Graduate,Salaried,918540.55,784440.16,Business,367.0,0
100753,61.0,Male,North,Secondary,Unemployed,1746226.04,,Business,929.0,1
100754,49.0,Male,South,Graduate,Salaried,1433820.23,403318.33,Business,551.0,0
100755,56.0,Male,North,Graduate,Unemployed,1620093.41,1604371.56,Business,471.0,1
100756,38.0,Female,West,Post-Graduate,Self-Employed,673589.59,857379.97,Other,588.0,1
100757,57.0,Male,North,Secondary,Salaried,503988.62,442864.73,Car,,0
100758,60.0,Female,East,Post-Graduate,Unemployed,1653594.12,2430909.26,Education,763.0,1
100759,42.0,Male,East,Primary,Self-Employed,1679748.44,55056.59,Home,787.0,1
100760,64.0,Male,West,Graduate,Salaried,2006548.15,1971212.54,Business,379.0,0
100761,64.0,Male,West,Graduate,Salaried,591073.0,692487.52,Education,308.0,1
100762,,Male,South,Graduate,Self-Employed,1758886.1,1885637.28,Other,496.0,1
100763,61.0,Male,South,Secondary,Salaried,1022158.09,466428.26,Business,514.0,1
100764,28.0,Female,West,Secondary,Salaried,1894050.4,1926092.77,Car,479.0,1
100765,25.0,Male,South,Post-Graduate,Self-Employed,816440.9,1045721.87,Other,323.0,0
100766,60.0,Male,West,Primary,Salaried,1741591.5,1715628.7,Business,630.0,0
100767,38.0,Male,West,Graduate,Salaried,,317758.13,Business,348.0,1
100768,55.0,Male,North,Secondary,Salaried,2221828.42,2701382.29,Business,531.0,0
100769,25.0,Female,South,Secondary,Salaried,1632307.67,281993.82,Home,791.0,0
100770,58.0,Female,East,Graduate,Salaried,,1841087.77,Other,355.0,0
100771,36.0,Female,West,Graduate,Self-Employed,1523127.97,241143.7,Business,362.0,0
100772,41.0,Female,North,Graduate,Salaried,2041538.07,215040.78,Home,742.0,0
100773,56.0,Male,West,Secondary,Self-Employed,1133770.57,1477128.57,Business,310.0,0
100774,48.0,Female,North,Secondary,Unemployed,1996395.6,1387071.44,Home,636.0,0
100775,27.0,Male,North,Graduate,Self-Employed,2278138.38,474206.29,Business,821.0,0
100776,51.0,Female,West,Secondary,Salaried,282244.23,97671.7,Education,746.0,0
100777,40.0,Female,South,Secondary,Salaried,975528.73,571264.89,Car,308.0,0
100778,24.0,Male,North,Secondary,Salaried,644862.82,883362.01,Business,370.0,1
100779,65.0,Female,West,Graduate,Salaried,1521912.94,2200398.13,Car,606.0,0
100780,27.0,Male,North,Graduate,Unemployed,1661939.56,1743474.97,Car,777.0,0
100781,51.0,Female,East,Graduate,Salaried,1108725.15,1382546.48,Home,306.0,1
100782,43.0,Male,North,Secondary,Salaried,,2256057.55,Home,668.0,1
100783,33.0,Male,South,Secondary,Salaried,584340.09,750495.59,Home,551.0,1
100784,32.0,Female,North,Primary,Self-Employed,1059100.8,1261555.62,Car,413.0,1
100785,40.0,Male,East,Graduate,Self-Employed,2363495.27,3465208.29,Home,,0
100786,28.0,Male,South,Graduate,Salaried,1057413.63,624901.22,Car,739.0,0
100787,23.0,Female,South,Post-Graduate,Salaried,524675.25,232168.69,Other,586.0,0
100788,58.0,Female,South,Graduate,Self-Employed,2015113.55,1877854.7,Other,,0
100789,44.0,Female,West,Secondary,Self-Employed,1399103.56,1040109.09,Other,806.0,0
100790,46.0,Female,North,Secondary,Self-Employed,1228825.76,470307.51,Business,523.0,0
100791,57.0,Male,East,Secondary,Salaried,1923764.78,886652.07,Other,831.0,0
100792,23.0,Male,East,Secondary,Salaried,1128770.44,1371926.07,Home,624.0,0
100793,32.0,Male,East,Graduate,Salaried,371210.95,477045.24,Home,825.0,0
100794,38.0,Female,North,Secondary,Salaried,1446780.46,757623.59,Education,637.0,0
100795,33.0,Female,South,Post-Graduate,Self-Employed,1896384.73,2599723.32,Education,308.0,0
100796,43.0,Female,West,Post-Graduate,,1938110.09,83973.75,Car,824.0,0
100797,46.0,Male,South,Graduate,Salaried,2003461.18,2288916.23,Home,772.0,0
100798,41.0,Female,West,Graduate,Self-Employed,666236.63,477183.08,Other,330.0,0
100799,29.0,Male,North,Graduate,Self-Employed,9320087.98,377914.2,Business,735.0,0
100800,65.0,Female,East,Graduate,Salaried,254724.86,96204.88,Other,638.0,0
100801,59.0,Female,West,Post-Graduate,Salaried,1086275.86,894181.79,Education,492.0,0
100802,57.0,Female,East,Primary,Salaried,1462743.72,118738.53,Car,800.0,1
100803,25.0,Female,West,Secondary,Salaried,1710202.15,226019.49,Home,358.0,0
100804,31.0,Male,West,Secondary,Unemployed,,330085.42,Car,370.0,1
100805,29.0,Female,East,Secondary,Self-Employed,1281489.66,1180285.65,Other,,0
100806,64.0,Male,South,Primary,Salaried,328410.5,226708.55,Other,552.0,0
100807,52.0,Male,North,Graduate,Salaried,2223906.25,1549359.4,Car,604.0,0
100808,47.0,Male,West,Graduate,Unemployed,605590.82,538091.51,Home,702.0,0
100809,36.0,Female,South,Secondary,Self-Employed,857183.85,1182336.81,Business,522.0,0
100810,56.0,Male,East,Primary,Salaried,11051431.67,991381.19,Car,761.0,0
100811,53.0,Male,North,Primary,Self-Employed,1919387.85,1128320.27,Business,708.0,0
100812,,Male,North,Graduate,Salaried,1735085.73,1235046.46,Other,772.0,0
100813,63.0,,West,Secondary,Self-Employed,2132425.08,587123.24,Car,318.0,0
100814,39.0,Male,West,Secondary,Self-Employed,206008.63,120775.87,Car,751.0,0
100815,23.0,Female,South,Secondary,Salaried,1652713.76,1320099.01,Education,405.0,0
100816,49.0,Male,North,Primary,Salaried,648032.28,280235.29,Home,544.0,1
100817,47.0,Male,North,Secondary,Salaried,1731962.74,611994.56,Car,398.0,0
100818,31.0,Male,North,Graduate,Salaried,1634144.53,1549976.15,Home,704.0,0
100819,35.0,Male,East,Secondary,Salaried,1697263.2,79904.26,Home,517.0,0
100820,63.0,Female,East,Primary,Self-Employed,1133744.66,9108669.72,Home,811.0,0
100821,55.0,Female,South,Secondary,Salaried,932501.95,900893.05,Car,,0
100822,42.0,Male,East,Post-Graduate,Self-Employed,336631.28,58029.27,Car,759.0,0
100823,53.0,Female,North,Secondary,,2260528.27,1081799.15,Other,,0
100824,26.0,Male,East,Graduate,Salaried,1051735.23,1030780.45,Other,543.0,0
100825,49.0,Female,East,Secondary,Salaried,2005772.45,167185.0,Education,724.0,0
100826,22.0,Male,East,Secondary,Salaried,305451.64,424575.55,Car,554.0,0
100827,59.0,Female,East,Secondary,Self-Employed,329911.16,268715.3,Car,,1
100828,34.0,Male,South,Graduate,Self-Employed,2341805.44,,Business,380.0,0
100829,40.0,Male,South,Secondary,Salaried,757609.08,360011.27,Car,759.0,0
100830,38.0,Female,West,Primary,Unemployed,1103927.18,319413.93,Other,751.0,0
100831,48.0,Female,West,Primary,Salaried,2161377.93,2472326.53,Car,607.0,0
100832,56.0,Female,East,Secondary,Salaried,837083.73,727732.9,Car,792.0,0
100833,51.0,Male,South,Primary,Self-Employed,1874455.25,1083581.4,Business,714.0,0
100834,44.0,Male,East,Graduate,Salaried,,113776.32,Other,427.0,0
100835,31.0,Male,West,Post-Graduate,,1923659.58,1038391.16,Education,800.0,0
100836,65.0,Male,West,Post-Graduate,Self-Employed,742258.66,86694.94,Home,670.0,0
100837,65.0,Female,South,Secondary,Salaried,1760074.24,708634.33,Home,465.0,1
100838,,Female,West,Secondary,Salaried,2270309.91,1789932.83,Car,493.0,0
100839,48.0,Male,East,Graduate,Salaried,2237030.05,1987313.1,Home,721.0,0
100840,27.0,Female,East,Graduate,Salaried,666099.29,760238.89,Car,615.0,1
100841,52.0,Male,North,Graduate,Salaried,1147074.19,531704.49,Education,741.0,0
100842,32.0,Female,South,Graduate,Salaried,435752.74,392313.32,Home,517.0,1
100843,32.0,Female,South,Secondary,Unemployed,1128398.37,1079641.55,Car,411.0,0
100844,26.0,Male,West,Secondary,Salaried,248826.63,125890.32,Home,796.0,0
100845,21.0,Male,North,Graduate,Self-Employed,277113.68,127181.48,Other,307.0,0
100846,38.0,Female,West,Graduate,Self-Employed,960796.47,998600.02,Car,651.0,0
100847,44.0,Female,West,Graduate,Unemployed,2205539.64,2677077.84,Business,303.0,1
100848,29.0,Male,North,Post-Graduate,Salaried,1802293.92,2212691.66,Business,677.0,0
100849,53.0,Male,South,Primary,Self-Employed,2365295.48,1176979.84,Education,668.0,0
100850,64.0,Male,West,Secondary,Self-Employed,368776.62,265312.47,Home,787.0,0
100851,45.0,Male,South,Graduate,Self-Employed,2212862.9,2615944.72,Business,816.0,1
100852,26.0,Male,West,Secondary,Salaried,448374.45,462535.58,Car,546.0,1
100853,63.0,Female,North,Secondary,Self-Employed,551745.84,772382.45,Car,692.0,0
100854,37.0,Female,North,Graduate,Unemployed,1649831.8,1242875.93,Other,640.0,0
100855,59.0,Male,East,Secondary,Self-Employed,1887525.77,1111480.22,Car,747.0,0
100856,37.0,,North,Secondary,Salaried,1553905.13,479157.91,Car,418.0,0
100857,41.0,Female,North,Secondary,Salaried,620469.81,391841.6,Education,733.0,0
100858,64.0,,South,Graduate,Self-Employed,695368.41,442566.0,Education,771.0,0
100859,35.0,Female,West,Secondary,Salaried,1913179.04,,Education,335.0,0
100860,,Other,North,Secondary,Self-Employed,1511614.93,1449364.43,Business,520.0,0
100861,24.0,Other,East,Secondary,,2147522.28,3013351.59,Home,530.0,0
100862,32.0,,West,Secondary,Self-Employed,2296713.19,590472.11,Education,,0
100863,48.0,Female,East,Graduate,Salaried,1404599.09,632184.32,Other,499.0,0
100864,46.0,Male,East,Graduate,Salaried,2047766.54,2617827.38,Car,611.0,0
100865,57.0,Male,West,Secondary,,686076.62,782752.5,Other,309.0,1
100866,27.0,Female,South,Secondary,Unemployed,1756313.02,484767.01,Business,357.0,1
100867,32.0,Female,North,Post-Graduate,Self-Employed,1556670.35,2265831.49,Home,713.0,1
100868,36.0,Male,East,Graduate,Unemployed,1694488.96,985326.07,Business,391.0,0
100869,38.0,Female,West,Secondary,Salaried,371717.82,298315.9,Other,821.0,0
100870,57.0,Other,West,Secondary,Self-Employed,10373252.77,6046300.85,Business,795.0,0
100871,40.0,,North,Secondary,Self-Employed,,1781050.36,Home,715.0,0
100872,46.0,Female,West,Primary,Self-Employed,1430437.74,1765981.48,Car,427.0,0
100873,63.0,Female,South,Post-Graduate,Self-Employed,192351.69,156677.36,Car,621.0,0
100874,57.0,Male,South,Primary,Salaried,1927119.45,290350.8,Education,427.0,0
100875,55.0,Male,North,Secondary,Salaried,2374243.46,3226449.47,Business,600.0,0
100876,29.0,Female,East,Graduate,Unemployed,996911.73,827910.55,Home,514.0,0
100877,36.0,Male,South,Secondary,Self-Employed,2401221.19,2188715.57,Education,521.0,0
100878,29.0,Female,West,Primary,Salaried,1065734.97,1449409.99,Education,709.0,0
100879,64.0,Male,South,Graduate,Salaried,1879805.77,2806855.18,Other,,0
100880,63.0,Female,South,Secondary,Salaried,2482481.66,1643025.74,Car,326.0,0
100881,25.0,Male,North,Graduate,Salaried,,171553.3,Car,641.0,0
100882,35.0,Male,North,Secondary,Unemployed,1058427.06,211456.46,Education,426.0,1
100883,58.0,Female,West,Primary,Salaried,1507406.73,673525.8,Home,577.0,0
100884,,Male,West,Secondary,Self-Employed,1752523.57,2084010.24,Car,712.0,0
100885,37.0,Male,South,Graduate,Salaried,1496741.0,636906.75,Car,679.0,0
100886,64.0,Female,West,Secondary,Unemployed,2032447.85,1556020.66,Other,582.0,0
100887,35.0,Male,North,Post-Graduate,Salaried,905549.64,167933.14,Car,381.0,1
100888,26.0,Male,North,Primary,Salaried,2336646.5,2842814.15,Business,310.0,0
100889,64.0,Female,South,Graduate,Salaried,2495254.27,3329576.09,Other,427.0,1
100890,33.0,Female,North,Graduate,Self-Employed,1919229.65,7319688.76,Home,840.0,0
100891,59.0,Male,South,Graduate,Self-Employed,1394558.08,509553.38,Car,,0
100892,53.0,Male,North,Secondary,Salaried,12558949.31,222004.79,Home,555.0,0
100893,39.0,Male,East,Secondary,Salaried,1644329.37,1001183.96,Other,612.0,0
100894,23.0,Female,West,Primary,Salaried,1248020.99,593604.28,Car,184.0,1
100895,46.0,Male,North,Secondary,Salaried,1407504.03,1902059.08,Business,720.0,1
100896,21.0,Male,East,Secondary,Salaried,874341.09,590357.75,Education,486.0,0
100897,27.0,Other,West,Secondary,Salaried,1186787.56,671544.71,Education,503.0,1
100898,23.0,Male,West,Graduate,Unemployed,551925.0,204793.33,Education,790.0,0
100899,28.0,Male,West,Graduate,Self-Employed,933739.46,1082395.82,Business,709.0,0
100900,,Male,North,Graduate,Salaried,978359.68,69347.93,Education,542.0,1
100901,48.0,Female,North,Secondary,Salaried,1307355.85,1504105.4,Other,,0
100902,,Male,North,Post-Graduate,Unemployed,753862.14,936909.09,Home,503.0,1
100903,,Female,South,Secondary,Self-Employed,1639066.35,408221.61,Home,423.0,1
100904,38.0,Other,South,Secondary,Self-Employed,390970.2,77335.28,Car,717.0,0
100905,35.0,Male,West,Primary,Salaried,299840.73,93995.69,Education,672.0,0
100906,47.0,Male,North,Secondary,Salaried,1712199.36,859984.71,Other,592.0,0
100907,27.0,Male,East,Post-Graduate,Salaried,886107.53,173934.38,Car,313.0,0
100908,42.0,Male,East,Graduate,Salaried,1582936.03,603794.42,Business,582.0,1
100909,26.0,Female,South,Graduate,Self-Employed,275210.33,401325.19,Business,495.0,1
100910,27.0,Male,East,Secondary,Salaried,1945492.19,1580370.21,Car,457.0,1
100911,47.0,Female,East,Post-Graduate,Self-Employed,2142924.24,1823151.4,Business,655.0,0
100912,61.0,Female,West,Primary,Salaried,2340691.0,1793910.48,Education,322.0,1
100913,65.0,Female,East,Primary,Salaried,2022985.68,2120641.15,Other,707.0,0
100914,53.0,Female,South,Secondary,Salaried,1484996.73,899760.71,Home,578.0,1
100915,31.0,Female,North,Post-Graduate,Self-Employed,1236623.09,,Car,837.0,0
100916,39.0,Female,North,Secondary,Salaried,732662.92,91005.9,Education,451.0,0
100917,29.0,Male,North,Graduate,Salaried,2090311.82,1699475.39,Other,301.0,0
100918,44.0,Male,East,Graduate,Salaried,1598638.32,812229.51,Home,358.0,0
100919,43.0,Male,East,Secondary,Unemployed,,2095723.65,Business,408.0,0
100920,62.0,Male,South,Graduate,Salaried,803600.93,722055.17,Car,704.0,0
100921,48.0,Male,West,Primary,Salaried,609265.01,794983.9,Car,493.0,0
100922,62.0,Male,East,Secondary,Salaried,1094537.82,1017535.27,Business,371.0,1
100923,36.0,Male,West,Secondary,Salaried,1866093.93,2271285.85,Home,402.0,1
100924,28.0,Female,North,Secondary,Self-Employed,800963.03,1130744.0,Home,,0
100925,,,East,Post-Graduate,Salaried,503013.83,585204.51,Education,754.0,0
100926,42.0,Male,South,Primary,Self-Employed,1635767.18,345830.56,Education,345.0,1
100927,27.0,Female,West,Secondary,Unemployed,235682.02,,Education,450.0,1
100928,35.0,Female,West,Graduate,Self-Employed,2271745.99,1701346.1,Education,412.0,1
100929,43.0,Male,East,Secondary,Unemployed,2314106.76,3113944.8,Other,454.0,1
100930,42.0,Female,West,Secondary,Self-Employed,879627.94,1087848.16,Education,656.0,0
100931,52.0,Female,East,Graduate,Self-Employed,357177.22,51058.37,Car,452.0,0
100932,41.0,Male,West,Graduate,Self-Employed,1289962.27,176882.39,Education,737.0,0
100933,30.0,Male,South,Secondary,Salaried,920812.61,614213.27,Education,723.0,0
100934,29.0,Female,South,Secondary,Salaried,1429893.6,1081921.33,Business,849.0,0
100935,26.0,Female,West,Graduate,Self-Employed,2062197.64,,Home,389.0,1
100936,34.0,Other,North,Secondary,Salaried,489935.02,,Car,657.0,0
100937,39.0,Male,West,Secondary,Self-Employed,309608.34,107106.59,Home,446.0,0
100938,65.0,Female,East,Primary,Salaried,1529328.41,1119995.3,Education,461.0,1
100939,,Male,North,Primary,,1146268.1,1327789.96,Other,781.0,0
100940,65.0,Female,West,Secondary,Salaried,1992840.83,2093512.63,Home,593.0,1
100941,62.0,Male,South,Graduate,Salaried,2111817.82,2169753.45,Education,,0
100942,57.0,Female,South,Secondary,Salaried,2437643.8,1930775.63,Business,428.0,0
100943,60.0,Male,West,Secondary,Self-Employed,1477562.75,1873439.99,Business,779.0,0
100944,45.0,Male,East,Graduate,Salaried,431490.05,96470.01,Education,643.0,1
100945,31.0,Female,North,Secondary,Salaried,2290473.87,685646.24,Home,506.0,0
100946,36.0,Male,North,Graduate,Self-Employed,285979.02,169216.03,Education,616.0,1
100947,39.0,Female,South,Secondary,Salaried,1005542.52,238876.27,Other,399.0,0
100948,,Female,South,Primary,,1286531.04,1683190.47,Car,338.0,1
100949,64.0,Male,North,Post-Graduate,Salaried,680301.5,711324.14,Car,444.0,0
100950,53.0,Female,East,Secondary,Salaried,854752.49,818196.25,Business,741.0,1
100951,36.0,Male,North,Post-Graduate,Salaried,2487018.51,408505.65,Education,315.0,1
100952,56.0,Female,North,Graduate,Salaried,573744.92,289625.13,Education,369.0,0
100953,43.0,Male,South,Graduate,Salaried,2467852.48,3623206.18,Car,752.0,0
100954,28.0,Female,West,Primary,Self-Employed,1110178.98,1434286.63,Other,432.0,1
100955,60.0,Female,East,Primary,Salaried,,1617333.54,Home,343.0,0
100956,36.0,Female,North,Secondary,Salaried,,7376622.35,Business,374.0,1
100957,63.0,Male,West,Graduate,Salaried,2078432.21,384738.87,Business,484.0,0
100958,48.0,Male,East,Primary,Salaried,1582137.06,543995.26,Business,787.0,0
100959,23.0,Female,West,Secondary,Salaried,1498239.25,2220574.7,Education,689.0,1
100960,48.0,Female,South,Primary,Self-Employed,2390136.42,2466918.44,Car,576.0,1
100961,26.0,Male,East,Secondary,Salaried,1832319.55,2401155.7,Education,837.0,1
100962,32.0,Female,North,Post-Graduate,Salaried,2415008.58,1110696.87,Business,503.0,0
100963,51.0,Male,South,Post-Graduate,Salaried,2297226.94,1986705.07,Other,310.0,0
100964,33.0,Male,South,Secondary,Unemployed,2358408.22,2640725.2,Business,624.0,1
100965,30.0,Female,East,Secondary,,1122817.0,900927.65,Car,303.0,0
100966,61.0,Male,North,Primary,Self-Employed,615364.11,658029.59,Car,470.0,0
100967,43.0,Male,South,Post-Graduate,Salaried,213340.76,269729.49,Education,316.0,1
100968,53.0,,North,Graduate,Self-Employed,1237914.17,791516.13,Business,660.0,0
100969,54.0,Female,East,Secondary,Salaried,1173849.98,352627.81,Business,466.0,0
100970,39.0,Female,West,Graduate,Self-Employed,2355931.56,3206002.56,Home,401.0,0
100971,26.0,Female,West,Secondary,Self-Employed,1627275.6,1352411.2,Home,754.0,0
100972,63.0,Male,West,Secondary,Self-Employed,,,Education,780.0,0
100973,50.0,Male,West,Primary,Salaried,699532.91,333405.72,Business,570.0,0
100974,,Male,West,Primary,Salaried,2013983.5,2547905.75,Other,831.0,0
100975,,Male,West,Secondary,Unemployed,626972.14,623841.87,Other,352.0,0
100976,48.0,Male,West,Post-Graduate,Salaried,2277677.58,1791421.75,Car,747.0,0
100977,53.0,Male,West,Graduate,Self-Employed,783733.88,672350.89,Home,630.0,0
100978,22.0,Male,South,Primary,Self-Employed,2315778.99,319690.94,Car,691.0,1
100979,50.0,Female,East,Secondary,Self-Employed,694472.12,242221.72,Business,551.0,0
100980,37.0,Female,East,Primary,Salaried,233686.71,345961.36,Other,405.0,1
100981,28.0,Male,East,Secondary,Salaried,359524.91,463263.66,Business,512.0,1
100982,22.0,Male,West,Post-Graduate,Salaried,1774620.47,1030138.41,Business,621.0,0
100983,31.0,Male,North,Post-Graduate,Self-Employed,1644415.09,2115750.6,Education,420.0,0
100984,51.0,,North,Secondary,,2329672.98,714257.32,Other,330.0,0
100985,53.0,Female,South,Post-Graduate,Salaried,683342.06,369355.52,Car,525.0,1
100986,38.0,Male,South,Post-Graduate,Salaried,1459473.3,679614.15,Business,,0
100987,,Male,South,Graduate,Self-Employed,832112.01,520671.46,Car,619.0,0
100988,52.0,Male,West,Secondary,Self-Employed,2072869.9,1955674.53,Other,692.0,0
100989,43.0,Male,North,Secondary,Self-Employed,2402786.06,949433.57,Other,719.0,0
100990,43.0,Male,North,Secondary,Salaried,2014879.58,1113330.96,Education,374.0,1
100991,44.0,Male,East,Secondary,Salaried,205290.38,134827.11,Education,776.0,0
100992,35.0,Female,West,Secondary,Salaried,684515.13,597929.14,Business,376.0,0
100993,64.0,Female,East,Graduate,Salaried,295210.6,244025.23,Business,347.0,0
100994,28.0,Male,South,Graduate,,728498.85,72177.9,Other,318.0,0
100995,21.0,Female,East,Secondary,,265859.01,236067.17,Home,840.0,1
100996,25.0,Male,West,Graduate,Salaried,1928566.09,1188118.57,Home,620.0,0
100997,46.0,Male,West,Graduate,Self-Employed,2292294.62,2906712.86,Home,405.0,1
100998,21.0,Male,East,Post-Graduate,Self-Employed,705111.71,138691.59,Other,677.0,0
100999,21.0,Female,North,Secondary,Self-Employed,437064.35,,Other,376.0,1
101000,45.0,Male,South,Post-Graduate,Salaried,458171.29,253496.97,Business,451.0,0
